ANTONY;COLLEGE;Anne Frank;0921243B
ANTONY;COLLEGE;Descartes;0921786S
ANTONY;COLLEGE;François Furet;0921507N
ANTONY;COLLEGE;Henri-Georges Adam;0921868F
ANTONY;COLLEGE;La Fontaine;0921170X
ANTONY;ECOLE ELEMENTAIRE PUBLIQUE;ADOLPHE PAJEAUD;0921357A
ANTONY;ECOLE ELEMENTAIRE PUBLIQUE;ANATOLE FRANCE;0921574L
ANTONY;ECOLE ELEMENTAIRE PUBLIQUE;BLANGUERNON;0920840N
ANTONY;ECOLE ELEMENTAIRE PUBLIQUE;DUNOYER DE SEGONZAC;0921809S
ANTONY;ECOLE ELEMENTAIRE PUBLIQUE;FERDINAND BUISSON;0921257S
ANTONY;ECOLE ELEMENTAIRE PUBLIQUE;JULES FERRY;0921528L
ANTONY;ECOLE ELEMENTAIRE PUBLIQUE;LA FONTAINE;0921147X
ANTONY;ECOLE ELEMENTAIRE PUBLIQUE;LES RABATS;0920428R
ANTONY;ECOLE PRIMAIRE PUBLIQUE;NOYER DORE;0922027D
ANTONY;ECOLE ELEMENTAIRE PUBLIQUE;PAUL BERT;0921463R
ANTONY;ECOLE ELEMENTAIRE PUBLIQUE;VELPEAU;0920444H
ANTONY;ECOLE MATERNELLE PUBLIQUE;ADOLPHE PAJEAUD;0920447L
ANTONY;ECOLE MATERNELLE PUBLIQUE;ANATOLE FRANCE;0920450P
ANTONY;ECOLE MATERNELLE PUBLIQUE;ANDRE CHENIER;0920678M
ANTONY;ECOLE MATERNELLE PUBLIQUE;DUNOYER DE SEGONZAC;0921793Z
ANTONY;ECOLE MATERNELLE PUBLIQUE;FERDINAND BUISSON;0920457X
ANTONY;ECOLE MATERNELLE PUBLIQUE;JEAN MOULIN;0922144F
ANTONY;ECOLE MATERNELLE PUBLIQUE;JULES FERRY;0920455V
ANTONY;ECOLE MATERNELLE PUBLIQUE;LA FONTAINE;0921149Z
ANTONY;ECOLE MATERNELLE PUBLIQUE;LES RABATS;0920461B
ANTONY;ECOLE MATERNELLE PUBLIQUE;PAUL BERT;0920575A
ANTONY;ECOLE MATERNELLE PUBLIQUE;VAL DE BIEVRE;0921792Y
ANTONY;ECOLE MATERNELLE PUBLIQUE;VELPEAU;0920583J
ANTONY;ECOLE PRIMAIRE PUBLIQUE;ANDRE PASQUIER;0922104M
ASNIÈRES;COLLEGE;André Malraux;0921545E
ASNIÈRES;COLLEGE;Auguste Renoir;0921622N
ASNIÈRES;COLLEGE;François Truffaut;0922565N
ASNIÈRES;COLLEGE;Voltaire;0921547G
ASNIERES SUR SEINE;ECOLE ELEMENTAIRE PUBLIQUE;AULAGNIER;0921613D
ASNIERES SUR SEINE;ECOLE ELEMENTAIRE PUBLIQUE;DESCARTES A;0920174P
ASNIERES SUR SEINE;ECOLE ELEMENTAIRE PUBLIQUE;DESCARTES B;0920299A
ASNIERES SUR SEINE;ECOLE ELEMENTAIRE PUBLIQUE;FLACHAT;0920352H
ASNIERES SUR SEINE;ECOLE ELEMENTAIRE PUBLIQUE;FONTAINE;0920226W
ASNIERES SUR SEINE;ECOLE ELEMENTAIRE PUBLIQUE;HENRI POINCARE A;0920938V
ASNIERES SUR SEINE;ECOLE ELEMENTAIRE PUBLIQUE;HENRI POINCARE B;0920939W
ASNIERES SUR SEINE;ECOLE ELEMENTAIRE PUBLIQUE;JEAN D'ORMESSON;0922583H
ASNIERES SUR SEINE;ECOLE ELEMENTAIRE PUBLIQUE;JULES FERRY A;0921573K
ASNIERES SUR SEINE;ECOLE ELEMENTAIRE PUBLIQUE;JULES FERRY B;0922637S
ASNIERES SUR SEINE;ECOLE ELEMENTAIRE PUBLIQUE;MAURICEAU;0920380N
ASNIERES SUR SEINE;ECOLE ELEMENTAIRE PUBLIQUE;MICHELET A;0920183Z
ASNIERES SUR SEINE;ECOLE ELEMENTAIRE PUBLIQUE;MICHELET B;0920382R
ASNIERES SUR SEINE;ECOLE ELEMENTAIRE PUBLIQUE;SIMONE VEIL;0922587M
ASNIERES SUR SEINE;ECOLE ELEMENTAIRE PUBLIQUE;VOLTAIRE;0921572J
ASNIERES SUR SEINE;ECOLE MATERNELLE PUBLIQUE;ANNE FRANK;0922095C
ASNIERES SUR SEINE;ECOLE MATERNELLE PUBLIQUE;AULAGNIER;0920547V
ASNIERES SUR SEINE;ECOLE MATERNELLE PUBLIQUE;CONCORDE;0922145G
ASNIERES SUR SEINE;ECOLE MATERNELLE PUBLIQUE;DESCARTES;0920446K
ASNIERES SUR SEINE;ECOLE MATERNELLE PUBLIQUE;FLACHAT;0920539L
ASNIERES SUR SEINE;ECOLE MATERNELLE PUBLIQUE;FONTAINE;0920503X
ASNIERES SUR SEINE;ECOLE MATERNELLE PUBLIQUE;HENRI POINCARE;0920940X
ASNIERES SUR SEINE;ECOLE MATERNELLE PUBLIQUE;JULES FERRY;0920578D
ASNIERES SUR SEINE;ECOLE MATERNELLE PUBLIQUE;LE PARC;0922230Z
ASNIERES SUR SEINE;ECOLE MATERNELLE PUBLIQUE;MENIL;0922022Y
ASNIERES SUR SEINE;ECOLE MATERNELLE PUBLIQUE;MICHEL MAURICE-BOKANOWSKI;0922470K
ASNIERES SUR SEINE;ECOLE MATERNELLE PUBLIQUE;MICHELET;0920452S
ASNIERES SUR SEINE;ECOLE MATERNELLE PUBLIQUE;MOURINOUX;0920941Y
ASNIERES SUR SEINE;ECOLE MATERNELLE PUBLIQUE;NORMANDIE;0921260V
ASNIERES SUR SEINE;ECOLE MATERNELLE PUBLIQUE;PIERRE BOUDOU;0921360D
ASNIERES SUR SEINE;ECOLE MATERNELLE PUBLIQUE;REJANE;0922591S
ASNIERES SUR SEINE;ECOLE MATERNELLE PUBLIQUE;REVEREND-PERE C. GILBERT;0922617V
ASNIERES SUR SEINE;ECOLE MATERNELLE PUBLIQUE;VOLTAIRE;0920557F
ASNIERES SUR SEINE;ECOLE PRIMAIRE PUBLIQUE;ELISABETH BADINTER;0922654K
BAGNEUX;COLLEGE;Henri Barbusse;0921631Y
BAGNEUX;COLLEGE;Joliot-Curie;0921778H
BAGNEUX;COLLEGE;Romain Rolland;0921168V
BAGNEUX;ECOLE ELEMENTAIRE PUBLIQUE;ALBERT PETIT;0921462P
BAGNEUX;ECOLE ELEMENTAIRE PUBLIQUE;HENRI WALLON A;0920233D
BAGNEUX;ECOLE ELEMENTAIRE PUBLIQUE;HENRI WALLON B;0920358P
BAGNEUX;ECOLE ELEMENTAIRE PUBLIQUE;JOLIOT-CURIE;0921807P
BAGNEUX;ECOLE ELEMENTAIRE PUBLIQUE;MARCEL CACHIN;0920328G
BAGNEUX;ECOLE ELEMENTAIRE PUBLIQUE;MAURICE THOREZ;0921643L
BAGNEUX;ECOLE ELEMENTAIRE PUBLIQUE;PAUL VAILLANT-COUTURIER;0921642K
BAGNEUX;ECOLE MATERNELLE PUBLIQUE;ALBERT PETIT;0920569U
BAGNEUX;ECOLE MATERNELLE PUBLIQUE;CHATEAUBRIANT;0920505Z
BAGNEUX;ECOLE MATERNELLE PUBLIQUE;HENRI BARBUSSE;0920526X
BAGNEUX;ECOLE MATERNELLE PUBLIQUE;HENRI WALLON;0920619Y
BAGNEUX;ECOLE MATERNELLE PUBLIQUE;JOLIOT-CURIE;0920585L
BAGNEUX;ECOLE MATERNELLE PUBLIQUE;MARCEL CACHIN;0920477U
BAGNEUX;ECOLE MATERNELLE PUBLIQUE;MAURICE THOREZ;0921638F
BAGNEUX;ECOLE MATERNELLE PUBLIQUE;PAUL LANGEVIN;0920486D
BAGNEUX;ECOLE MATERNELLE PUBLIQUE;PAUL VAILLANT-COUTURIER;0920542P
BAGNEUX;ECOLE PRIMAIRE PUBLIQUE;PAUL ELUARD;0921808R
BOIS COLOMBES;ECOLE ELEMENTAIRE PUBLIQUE;JULES FERRY;0920323B
BOIS COLOMBES;ECOLE ELEMENTAIRE PUBLIQUE;PAUL BERT A;0920265N
BOIS COLOMBES;ECOLE ELEMENTAIRE PUBLIQUE;PAUL BERT B;0920313R
BOIS COLOMBES;ECOLE ELEMENTAIRE PUBLIQUE;SAINT-EXUPERY;0922284H
BOIS COLOMBES;ECOLE MATERNELLE PUBLIQUE;JULES FERRY;0920470L
BOIS COLOMBES;ECOLE MATERNELLE PUBLIQUE;PAUL BERT;0920472N
BOIS COLOMBES;ECOLE MATERNELLE PUBLIQUE;PIERRE JOIGNEAUX;0920639V
BOIS COLOMBES;ECOLE PRIMAIRE PUBLIQUE;FRANCOISE DOLTO;0922422H
BOIS COLOMBES;ECOLE PRIMAIRE PUBLIQUE;GRAMME;0922600B
BOIS COLOMBES;ECOLE PRIMAIRE PUBLIQUE;LA CIGOGNE;0922582G
BOIS-COLOMBES;COLLEGE;Albert Camus;0921779J
BOIS-COLOMBES;COLLEGE;Jean Mermoz;0922629H
BOULOGNE;COLLEGE;Bartholdi;0921237V
BOULOGNE;COLLEGE;Jean Renoir;0921239X
BOULOGNE;COLLEGE;Jacqueline Auriol;0921238W
BOULOGNE;COLLEGE;Paul Landowski;0921236U
BOULOGNE BILLANCOURT;ECOLE ELEMENTAIRE PUBLIQUE;ANCIENNE MAIRIE;0921256R
BOULOGNE BILLANCOURT;ECOLE ELEMENTAIRE PUBLIQUE;BILLANCOURT;0920195M
BOULOGNE BILLANCOURT;ECOLE ELEMENTAIRE PUBLIQUE;CASTEJA;0921877R
BOULOGNE BILLANCOURT;ECOLE ELEMENTAIRE PUBLIQUE;DENFERT-ROCHEREAU;0921575M
BOULOGNE BILLANCOURT;ECOLE ELEMENTAIRE PUBLIQUE;ESCUDIER;0921529M
BOULOGNE BILLANCOURT;ECOLE ELEMENTAIRE PUBLIQUE;LES GLACIERES;0921258T
BOULOGNE BILLANCOURT;ECOLE ELEMENTAIRE PUBLIQUE;MAITRE JACQUES;0922552Z
BOULOGNE BILLANCOURT;ECOLE ELEMENTAIRE PUBLIQUE;PIERRE GRENIER;0920269T
BOULOGNE BILLANCOURT;ECOLE ELEMENTAIRE PUBLIQUE;POINT DU JOUR;0920395E
BOULOGNE BILLANCOURT;ECOLE ELEMENTAIRE PUBLIQUE;SAINT-DENIS;0920439C
BOULOGNE BILLANCOURT;ECOLE ELEMENTAIRE PUBLIQUE;SEVRES;0922225U
BOULOGNE BILLANCOURT;ECOLE ELEMENTAIRE PUBLIQUE;THIERS;0922105N
BOULOGNE BILLANCOURT;ECOLE MATERNELLE PUBLIQUE;ABONDANCES;0922118C
BOULOGNE BILLANCOURT;ECOLE MATERNELLE PUBLIQUE;BELLE FEUILLE;0921794A
BOULOGNE BILLANCOURT;ECOLE MATERNELLE PUBLIQUE;CASTEJA;0921771A
BOULOGNE BILLANCOURT;ECOLE MATERNELLE PUBLIQUE;DOME;0920587N
BOULOGNE BILLANCOURT;ECOLE MATERNELLE PUBLIQUE;FESSART;0920492K
BOULOGNE BILLANCOURT;ECOLE MATERNELLE PUBLIQUE;FORUM;0921884Y
BOULOGNE BILLANCOURT;ECOLE MATERNELLE PUBLIQUE;GABRIEL ET CHARLES VOISIN;0920464E
BOULOGNE BILLANCOURT;ECOLE MATERNELLE PUBLIQUE;GALLIENI;0921795B
BOULOGNE BILLANCOURT;ECOLE MATERNELLE PUBLIQUE;JACQUES DERAY;0922572W
BOULOGNE BILLANCOURT;ECOLE MATERNELLE PUBLIQUE;JEAN GUILLON;0922046Z
BOULOGNE BILLANCOURT;ECOLE MATERNELLE PUBLIQUE;LAZARE HOCHE;0920521S
BOULOGNE BILLANCOURT;ECOLE MATERNELLE PUBLIQUE;PEUPLIERS;0922380M
BOULOGNE BILLANCOURT;ECOLE MATERNELLE PUBLIQUE;POINT DU JOUR;0920553B
BOULOGNE BILLANCOURT;ECOLE MATERNELLE PUBLIQUE;SEINE;0920551Z
BOULOGNE BILLANCOURT;ECOLE MATERNELLE PUBLIQUE;SEVRES;0920571W
BOULOGNE BILLANCOURT;ECOLE MATERNELLE PUBLIQUE;SILLY;0920572X
BOULOGNE BILLANCOURT;ECOLE PRIMAIRE PUBLIQUE;ROBERT DOISNEAU;0922666Y
BOURG LA REINE;ECOLE ELEMENTAIRE PUBLIQUE;LA FAIENCERIE;0921248G
BOURG LA REINE;ECOLE ELEMENTAIRE PUBLIQUE;PIERRE LOTI;0922445H
BOURG LA REINE;ECOLE ELEMENTAIRE PUBLIQUE;REPUBLIQUE;0921527K
BOURG LA REINE;ECOLE MATERNELLE PUBLIQUE;BAS COQUARTS;0921830P
BOURG LA REINE;ECOLE MATERNELLE PUBLIQUE;LA FAIENCERIE;0920514J
BOURG LA REINE;ECOLE MATERNELLE PUBLIQUE;LA FONTAINE GRELOT;0920561K
BOURG-LA-REINE;COLLEGE;Evariste Galois;0921242A
CHATENAY MALABRY;ECOLE ELEMENTAIRE PUBLIQUE;JULES VERNE;0921472A
CHATENAY MALABRY;ECOLE ELEMENTAIRE PUBLIQUE;LEONARD DE VINCI;0920248V
CHATENAY MALABRY;ECOLE ELEMENTAIRE PUBLIQUE;LES MOUILLEBOEUFS;0922599A
CHATENAY MALABRY;ECOLE ELEMENTAIRE PUBLIQUE;PIERRE BROSSOLETTE;0920231B
CHATENAY MALABRY;ECOLE ELEMENTAIRE PUBLIQUE;THOMAS MASARYK;0920244R
CHATENAY MALABRY;ECOLE MATERNELLE PUBLIQUE;JULES VERNE;0920518N
CHATENAY MALABRY;ECOLE MATERNELLE PUBLIQUE;LES MOUILLEBOEUFS;0921646P
CHATENAY MALABRY;ECOLE MATERNELLE PUBLIQUE;PIERRE BROSSOLETTE;0920511F
CHATENAY MALABRY;ECOLE MATERNELLE PUBLIQUE;SUZANNE BUISSON;0920496P
CHATENAY MALABRY;ECOLE MATERNELLE PUBLIQUE;THOMAS MASARYK;0920531C
CHATENAY MALABRY;ECOLE PRIMAIRE PUBLIQUE;JEAN JAURES;0920430T
CHATENAY MALABRY;ECOLE PRIMAIRE PUBLIQUE;PIERRE MENDES-FRANCE;0920438B
CHÂTENAY-MALABRY;COLLEGE;Léonard de Vinci;0921179G
CHÂTENAY-MALABRY;COLLEGE;Pierre-Brossolette;0921181J
CHÂTENAY-MALABRY;COLLEGE;Thomas Masaryk;0921180H
CHÂTILLON;COLLEGE;George Sand;0921354X
CHÂTILLON;COLLEGE;Paul Eluard;0920880G
CHATILLON;ECOLE ELEMENTAIRE PUBLIQUE;GAMBETTA;0921609Z
CHATILLON;ECOLE ELEMENTAIRE PUBLIQUE;JOLIOT-CURIE;0922127M
CHATILLON;ECOLE ELEMENTAIRE PUBLIQUE;LANGEVIN/WALLON;0920436Z
CHATILLON;ECOLE ELEMENTAIRE PUBLIQUE;MARCEL DORET;0920193K
CHATILLON;ECOLE MATERNELLE PUBLIQUE;ARC-EN-CIEL;0921695T
CHATILLON;ECOLE MATERNELLE PUBLIQUE;GAY-LUSSAC;0920502W
CHATILLON;ECOLE MATERNELLE PUBLIQUE;JEAN JAURES;0921879T
CHATILLON;ECOLE MATERNELLE PUBLIQUE;JOLIOT-CURIE;0920513H
CHATILLON;ECOLE MATERNELLE PUBLIQUE;LANGEVIN/WALLON;0920512G
CHATILLON;ECOLE MATERNELLE PUBLIQUE;LE PARC;0920458Y
CHATILLON;ECOLE PRIMAIRE PUBLIQUE;LES SABLONS;0922280D
CHAVILLE;COLLEGE;Jean Moulin;0920689Z
CHAVILLE;ECOLE ELEMENTAIRE PUBLIQUE;ANATOLE FRANCE;0920841P
CHAVILLE;ECOLE ELEMENTAIRE PUBLIQUE;FERDINAND BUISSON;0921471Z
CHAVILLE;ECOLE ELEMENTAIRE PUBLIQUE;PAUL BERT;0922086T
CHAVILLE;ECOLE MATERNELLE PUBLIQUE;LE MUGUET;0920769L
CHAVILLE;ECOLE MATERNELLE PUBLIQUE;LES IRIS;0920842R
CHAVILLE;ECOLE MATERNELLE PUBLIQUE;LES JACINTHES;0921453E
CHAVILLE;ECOLE MATERNELLE PUBLIQUE;LES MYOSOTIS;0921836W
CHAVILLE;ECOLE MATERNELLE PUBLIQUE;LES PAQUERETTES;0921835V
CLAMART;COLLEGE;Alain Fournier;0920653K
CLAMART;COLLEGE;les Petits Ponts;0920854D
CLAMART;COLLEGE;Maison Blanche;0920068Z
CLAMART;ECOLE ELEMENTAIRE PUBLIQUE;JARDIN PARISIEN;0921641J
CLAMART;ECOLE ELEMENTAIRE PUBLIQUE;JEAN MONNET;0922233C
CLAMART;ECOLE ELEMENTAIRE PUBLIQUE;JULES FERRY;0921943M
CLAMART;ECOLE ELEMENTAIRE PUBLIQUE;LA GARENNE;0921806N
CLAMART;ECOLE ELEMENTAIRE PUBLIQUE;LA PLAINE;0922106P
CLAMART;ECOLE ELEMENTAIRE PUBLIQUE;LE MOULIN DE PIERRE;0921942L
CLAMART;ECOLE ELEMENTAIRE PUBLIQUE;LES ROCHERS;0921610A
CLAMART;ECOLE ELEMENTAIRE PUBLIQUE;MAIRIE;0921473B
CLAMART;ECOLE ELEMENTAIRE PUBLIQUE;TRIVAUX;0921944N
CLAMART;ECOLE MATERNELLE PUBLIQUE;ANNE FRANK;0920550Y
CLAMART;ECOLE MATERNELLE PUBLIQUE;BOURCILLIERE;0920640W
CLAMART;ECOLE MATERNELLE PUBLIQUE;FLEURY;0920493L
CLAMART;ECOLE MATERNELLE PUBLIQUE;GATHELOT;0920500U
CLAMART;ECOLE MATERNELLE PUBLIQUE;JARDIN PARISIEN;0920508C
CLAMART;ECOLE MATERNELLE PUBLIQUE;JEAN MONNET;0922147J
CLAMART;ECOLE MATERNELLE PUBLIQUE;JULES FERRY;0920509D
CLAMART;Ecole maternelle publique;GARENNE/TRIVAUX;0920475S
CLAMART;ECOLE MATERNELLE PUBLIQUE;LA PLAINE;0920548W
CLAMART;ECOLE MATERNELLE PUBLIQUE;LES CLOSIAUX;0921150A
CLAMART;ECOLE MATERNELLE PUBLIQUE;LES ROCHERS;0920485C
CLAMART;ECOLE MATERNELLE PUBLIQUE;MOULIN DE PIERRE;0921941K
CLAMART;ECOLE PRIMAIRE PUBLIQUE;JEAN DE LA FONTAINE;0922423J
CLICHY;COLLEGE;Jean Jaurès;0921623P
CLICHY;COLLEGE;Jean Macé;0921228K
CLICHY;COLLEGE;Van Gogh;0922595W
CLICHY;ECOLE ELEMENTAIRE PUBLIQUE;JEAN JAURES;0921649T
CLICHY;ECOLE ELEMENTAIRE PUBLIQUE;JULES FERRY A;0920207A
CLICHY;ECOLE ELEMENTAIRE PUBLIQUE;JULES FERRY B;0921259U
CLICHY;ECOLE ELEMENTAIRE PUBLIQUE;LOUIS ARAGON;0922279C
CLICHY;ECOLE ELEMENTAIRE PUBLIQUE;LOUIS PASTEUR A;0920213G
CLICHY;ECOLE ELEMENTAIRE PUBLIQUE;LOUIS PASTEUR B;0920337S
CLICHY;ECOLE ELEMENTAIRE PUBLIQUE;TOUSSAINT LOUVERTURE;0922634N
CLICHY;ECOLE ELEMENTAIRE PUBLIQUE;VICTOR HUGO A;0920177T
CLICHY;ECOLE ELEMENTAIRE PUBLIQUE;VICTOR HUGO B;0920301C
CLICHY;ECOLE MATERNELLE PUBLIQUE;ANNIE FRATELLINI;0922390Y
CLICHY;ECOLE MATERNELLE PUBLIQUE;CONDORCET;0922134V
CLICHY;ECOLE MATERNELLE PUBLIQUE;DU LANDY;0922453S
CLICHY;ECOLE MATERNELLE PUBLIQUE;GEORGES BOISSEAU;0921817A
CLICHY;ECOLE MATERNELLE PUBLIQUE;JACQUES PREVERT;0921990N
CLICHY;ECOLE MATERNELLE PUBLIQUE;JEAN JAURES;0920560J
CLICHY;ECOLE MATERNELLE PUBLIQUE;JULES FERRY;0920478V
CLICHY;ECOLE MATERNELLE PUBLIQUE;LOUIS PASTEUR;0920489G
CLICHY;ECOLE MATERNELLE PUBLIQUE;MARIN FOURNIER;0921669P
CLICHY;ECOLE MATERNELLE PUBLIQUE;PIERRE MENDES-FRANCE;0922223S
CLICHY;ECOLE MATERNELLE PUBLIQUE;SOPHIE FOUCAULT;0922522S
CLICHY;ECOLE MATERNELLE PUBLIQUE;VICTOR HUGO;0920449N
CLICHY;ECOLE PRIMAIRE PUBLIQUE;LEOPOLD SEDAR SENGHOR;0922569T
COLOMBES;COLLEGE;Gay-Lussac;0921494Z
COLOMBES;COLLEGE;Marguerite Duras;0921675W
COLOMBES;COLLEGE;Jean-Baptiste Clément;0921160L
COLOMBES;COLLEGE;Lakanal;O920626F
COLOMBES;COLLEGE;Moulin Joly;0920592U
COLOMBES;COLLEGE;Robert Paparemborde;0922662U
COLOMBES;ECOLE ELEMENTAIRE PUBLIQUE;AMBROISE PARE A;0920943A
COLOMBES;ECOLE ELEMENTAIRE PUBLIQUE;AMBROISE PARE B;0921146W
COLOMBES;ECOLE ELEMENTAIRE PUBLIQUE;BUFFON;0922050D
COLOMBES;ECOLE ELEMENTAIRE PUBLIQUE;CHARLES PEGUY A;0920194L
COLOMBES;ECOLE ELEMENTAIRE PUBLIQUE;CHARLES PEGUY B;0920317V
COLOMBES;ECOLE ELEMENTAIRE PUBLIQUE;HENRI MARTIN;0921689L
COLOMBES;ECOLE ELEMENTAIRE PUBLIQUE;JEAN-JACQUES ROUSSEAU;0920229Z
COLOMBES;ECOLE ELEMENTAIRE PUBLIQUE;LA TOUR D'AUVERGNE;0920643Z
COLOMBES;ECOLE ELEMENTAIRE PUBLIQUE;LANGEVIN/WALLON;0921269E
COLOMBES;ECOLE ELEMENTAIRE PUBLIQUE;LAZARE CARNOT;0920245S
COLOMBES;ECOLE ELEMENTAIRE PUBLIQUE;LEON BOURGEOIS A;0920247U
COLOMBES;ECOLE ELEMENTAIRE PUBLIQUE;LEON BOURGEOIS B;0920370C
COLOMBES;ECOLE ELEMENTAIRE PUBLIQUE;MAINTENON;0920350F
COLOMBES;ECOLE ELEMENTAIRE PUBLIQUE;MARCELLIN BERTHELOT A;0920294V
COLOMBES;ECOLE ELEMENTAIRE PUBLIQUE;MARCELLIN BERTHELOT B;0920421H
COLOMBES;ECOLE ELEMENTAIRE PUBLIQUE;VICTOR HUGO;0921611B
COLOMBES;ECOLE MATERNELLE PUBLIQUE;AMBROISE PARE;0920641X
COLOMBES;ECOLE MATERNELLE PUBLIQUE;ANNE FRANK;0922121F
COLOMBES;ECOLE MATERNELLE PUBLIQUE;BUFFON;0920616V
COLOMBES;ECOLE MATERNELLE PUBLIQUE;CAMILLE CLAUDEL;0921636D
COLOMBES;ECOLE MATERNELLE PUBLIQUE;CHARLES PEGUY;0920463D
COLOMBES;ECOLE MATERNELLE PUBLIQUE;CHARLES PERRAULT;0920473P
COLOMBES;ECOLE MATERNELLE PUBLIQUE;COTES D'AUTY;0922120E
COLOMBES;ECOLE MATERNELLE PUBLIQUE;DENIS PAPIN;0920944B
COLOMBES;ECOLE MATERNELLE PUBLIQUE;GUSTAVE BIENVETU;0920536H
COLOMBES;ECOLE MATERNELLE PUBLIQUE;HENRI MARTIN;0920483A
COLOMBES;ECOLE MATERNELLE PUBLIQUE;JEAN MOULIN;0921634B
COLOMBES;ECOLE MATERNELLE PUBLIQUE;JEAN-JACQUES ROUSSEAU;0920573Y
COLOMBES;ECOLE MATERNELLE PUBLIQUE;JULES VERNE;0920588P
COLOMBES;ECOLE MATERNELLE PUBLIQUE;LA TOUR D'AUVERGNE;0920642Y
COLOMBES;ECOLE MATERNELLE PUBLIQUE;LANGEVIN/WALLON;0921478G
COLOMBES;ECOLE MATERNELLE PUBLIQUE;MAINTENON;0921694S
COLOMBES;ECOLE MATERNELLE PUBLIQUE;MARCELLIN BERTHELOT;0920582H
COLOMBES;ECOLE MATERNELLE PUBLIQUE;REINE HENRIETTE;0920501V
COLOMBES;ECOLE MATERNELLE PUBLIQUE;VICTOR HUGO;0920468J
COLOMBES;ECOLE PRIMAIRE PUBLIQUE;HOCHE;0920435Y
COLOMBES;ECOLE PRIMAIRE PUBLIQUE;MARCEL PAGNOL;0922425L
COURBEVOIE;COLLEGE;Alfred de Vigny;0921550K
COURBEVOIE;COLLEGE;Georges Pompidou;0921496B
COURBEVOIE;COLLEGE;Georges Seurat;0922578C
COURBEVOIE;COLLEGE;les Bruyères;0922523T
COURBEVOIE;COLLEGE;les Renardières;0922020W
COURBEVOIE;ECOLE ELEMENTAIRE PUBLIQUE;ALEXANDRE DUMAS;0921881V
COURBEVOIE;ECOLE ELEMENTAIRE PUBLIQUE;ALPHONSE DE LAMARTINE;0920235F
COURBEVOIE;ECOLE ELEMENTAIRE PUBLIQUE;ANATOLE FRANCE;0920303E
COURBEVOIE;ECOLE ELEMENTAIRE PUBLIQUE;ANDRE MALRAUX;0922100H
COURBEVOIE;ECOLE ELEMENTAIRE PUBLIQUE;ARMAND SILVESTRE;0920427P
COURBEVOIE;ECOLE ELEMENTAIRE PUBLIQUE;GUYNEMER;0921922P
COURBEVOIE;ECOLE ELEMENTAIRE PUBLIQUE;JEAN DE LA FONTAINE;0921570G
COURBEVOIE;ECOLE ELEMENTAIRE PUBLIQUE;LA BRUYERE;0922424K
COURBEVOIE;ECOLE ELEMENTAIRE PUBLIQUE;LOGIE-CAYLA;0920198R
COURBEVOIE;ECOLE ELEMENTAIRE PUBLIQUE;MARCEL ACHARD;0922126L
COURBEVOIE;ECOLE ELEMENTAIRE PUBLIQUE;RONSARD;0922475R
COURBEVOIE;ECOLE ELEMENTAIRE PUBLIQUE;ROUGET DE LISLE;0920409V
COURBEVOIE;ECOLE MATERNELLE PUBLIQUE;ALFRED DE MUSSET;0920534F
COURBEVOIE;ECOLE MATERNELLE PUBLIQUE;ALPHONSE DAUDET;0921359C
COURBEVOIE;ECOLE MATERNELLE PUBLIQUE;ARISTIDE BRIAND;0922053G
COURBEVOIE;ECOLE MATERNELLE PUBLIQUE;CHARLES PERRAULT;0922099G
COURBEVOIE;ECOLE MATERNELLE PUBLIQUE;CHARLES PERRAULT;0922099G
COURBEVOIE;ECOLE MATERNELLE PUBLIQUE;FONTANES;0922014P
COURBEVOIE;ECOLE MATERNELLE PUBLIQUE;FRANCOISE DOLTO;0922567R
COURBEVOIE;ECOLE MATERNELLE PUBLIQUE;JOACHIM DU BELLAY;0922474P
COURBEVOIE;ECOLE MATERNELLE PUBLIQUE;JULES VERNE;0922123H
COURBEVOIE;ECOLE MATERNELLE PUBLIQUE;MOZART;0921693R
COURBEVOIE;ECOLE MATERNELLE PUBLIQUE;MOZART;0921693R
COURBEVOIE;ECOLE MATERNELLE PUBLIQUE;LA FARANDOLE;0922285J
COURBEVOIE;ECOLE MATERNELLE PUBLIQUE;LA MARELLE;0921831R
COURBEVOIE;ECOLE MATERNELLE PUBLIQUE;LES AJONCS;0922363U
COURBEVOIE;ECOLE MATERNELLE PUBLIQUE;LES FAUVELLES;0921991P
COURBEVOIE;ECOLE MATERNELLE PUBLIQUE;LES GENETS;0921692P
COURBEVOIE;ECOLE MATERNELLE PUBLIQUE;LES VANETTES;0922037P
COURBEVOIE;ECOLE MATERNELLE PUBLIQUE;LOUIS-HUBERT ALLIE;0921796C
COURBEVOIE;ECOLE MATERNELLE PUBLIQUE;MOLIERE;0920479W
COURBEVOIE;ECOLE MATERNELLE PUBLIQUE;SAINT-EXUPERY;0921397U
COURBEVOIE;ECOLE MATERNELLE PUBLIQUE;THEOPHILE GAUTIER;0920567S
COURBEVOIE;ECOLE MATERNELLE PUBLIQUE;SONIA DELAUNAY;0920535G
COURBEVOIE;ECOLE MATERNELLE PUBLIQUE;SONIA DELAUNAY;0920535G
COURBEVOIE;ECOLE MATERNELLE PUBLIQUE;WATTEAU;0922476S
COURBEVOIE;ECOLE PRIMAIRE PUBLIQUE;AUGUSTE RODIN;0922456V
COURBEVOIE;ECOLE PRIMAIRE PUBLIQUE;CAMILLE CLAUDEL;0922619X
FONTENAY AUX ROSES;ECOLE ELEMENTAIRE PUBLIQUE;LE PARC;0921688K
FONTENAY AUX ROSES;ECOLE ELEMENTAIRE PUBLIQUE;LES ORMEAUX;0920440D
FONTENAY AUX ROSES;ECOLE ELEMENTAIRE PUBLIQUE;LES PERVENCHES;0920611P
FONTENAY AUX ROSES;ECOLE ELEMENTAIRE PUBLIQUE;LES RENARDS;0921995U
FONTENAY AUX ROSES;ECOLE MATERNELLE PUBLIQUE;JEAN MACE;0920484B
FONTENAY AUX ROSES;ECOLE ELEMENTAIRE PUBLIQUE;LA ROUE A;0920218M
FONTENAY AUX ROSES;ECOLE ELEMENTAIRE PUBLIQUE;LA ROUE B;0920342X
FONTENAY AUX ROSES;ECOLE MATERNELLE PUBLIQUE;LA ROUE;0920497R
FONTENAY AUX ROSES;ECOLE MATERNELLE PUBLIQUE;LES ORMEAUX;0921992R
FONTENAY AUX ROSES;ECOLE MATERNELLE PUBLIQUE;LES PERVENCHES;0921262X
FONTENAY AUX ROSES;ECOLE MATERNELLE PUBLIQUE;LES RENARDS;0921567D
FONTENAY AUX ROSES;ECOLE MATERNELLE PUBLIQUE;SCARRON;0920546U
FONTENAY-AUX-ROSES;COLLEGE;les Ormeaux;0920081N
GARCHES;COLLEGE;Henri Bergson;0920881H
GARCHES;ECOLE ELEMENTAIRE PUBLIQUE;GASTON RAMON;0921650U
GARCHES;ECOLE ELEMENTAIRE PUBLIQUE;PASTEUR A;0920731V
GARCHES;ECOLE ELEMENTAIRE PUBLIQUE;PASTEUR B;0920732W
GARCHES;ECOLE MATERNELLE PUBLIQUE;GASTON RAMON;0920770M
GARCHES;ECOLE MATERNELLE PUBLIQUE;LOUIS PASTEUR;0920771N
GARCHES;ECOLE MATERNELLE PUBLIQUE;SAINT-EXUPERY;0921151B
GENNEVILLIERS;COLLEGE;Edouard Vaillant;0921157H
GENNEVILLIERS;COLLEGE;Guy Môquet;0921621M
GENNEVILLIERS;COLLEGE;Louis Pasteur;0921541A
GENNEVILLIERS;ECOLE ELEMENTAIRE PUBLIQUE;ANATOLE FRANCE;0920601D
GENNEVILLIERS;ECOLE ELEMENTAIRE PUBLIQUE;DENIS DIDEROT A;0921842C
GENNEVILLIERS;ECOLE ELEMENTAIRE PUBLIQUE;DENIS DIDEROT B;0921843D
GENNEVILLIERS;ECOLE ELEMENTAIRE PUBLIQUE;GUSTAVE CAILLEBOTTE;0921647R
GENNEVILLIERS;ECOLE ELEMENTAIRE PUBLIQUE;HENRI WALLON A;0922656M
GENNEVILLIERS;ECOLE ELEMENTAIRE PUBLIQUE;HENRI WALLON B;0921612C
GENNEVILLIERS;ECOLE ELEMENTAIRE PUBLIQUE;IRENE ET FREDERIC JOLIOT-CURIE;0922226V
GENNEVILLIERS;ECOLE ELEMENTAIRE PUBLIQUE;JEAN LURCAT;0921648S
GENNEVILLIERS;ECOLE ELEMENTAIRE PUBLIQUE;LES GRESILLONS A;0920289P
GENNEVILLIERS;ECOLE ELEMENTAIRE PUBLIQUE;LES GRESILLONS B;0920415B
GENNEVILLIERS;ECOLE ELEMENTAIRE PUBLIQUE;PAUL LANGEVIN A;0920225V
GENNEVILLIERS;ECOLE ELEMENTAIRE PUBLIQUE;PAUL LANGEVIN B;0920349E
GENNEVILLIERS;ECOLE MATERNELLE PUBLIQUE;AGUADO;0922551Y
GENNEVILLIERS;ECOLE MATERNELLE PUBLIQUE;ANATOLE FRANCE;0920621A
GENNEVILLIERS;ECOLE MATERNELLE PUBLIQUE;BERTHE MORISOT;0921606W
GENNEVILLIERS;ECOLE MATERNELLE PUBLIQUE;DENIS DIDEROT;0921516Y
GENNEVILLIERS;ECOLE MATERNELLE PUBLIQUE;GUSTAVE CAILLEBOTTE;0920504Y
GENNEVILLIERS;ECOLE MATERNELLE PUBLIQUE;HENRI WALLON;0921602S
GENNEVILLIERS;ECOLE MATERNELLE PUBLIQUE;IRENE ET FREDERIC JOLIOT-CURIE;0920554C
GENNEVILLIERS;ECOLE MATERNELLE PUBLIQUE;JEAN LURCAT;0921637E
GENNEVILLIERS;ECOLE MATERNELLE PUBLIQUE;LES GRESILLONS;0920543R
GENNEVILLIERS;ECOLE MATERNELLE PUBLIQUE;LOUIS PASTEUR;0920540M
GENNEVILLIERS;ECOLE MATERNELLE PUBLIQUE;LOUISE MICHEL;0922581F
GENNEVILLIERS;ECOLE MATERNELLE PUBLIQUE;PAUL LANGEVIN;0920476T
GENNEVILLIERS;ECOLE MATERNELLE PUBLIQUE;PAULINE KERGOMARD;0921263Y
ISSY LES MOULINEAUX;ECOLE ELEMENTAIRE PUBLIQUE;ANATOLE FRANCE;0920353J
ISSY LES MOULINEAUX;ECOLE ELEMENTAIRE PUBLIQUE;JULES FERRY;0921845F
ISSY LES MOULINEAUX;ECOLE ELEMENTAIRE PUBLIQUE;JUSTIN OUDIN;0921459L
ISSY LES MOULINEAUX;ECOLE ELEMENTAIRE PUBLIQUE;LA FONTAINE;0921651V
ISSY LES MOULINEAUX;ECOLE ELEMENTAIRE PUBLIQUE;LES EPINETTES;0921838Y
ISSY LES MOULINEAUX;ECOLE ELEMENTAIRE PUBLIQUE;PAUL BERT;0921460M
ISSY LES MOULINEAUX;ECOLE ELEMENTAIRE PUBLIQUE;SAINT-EXUPERY;0922457W
ISSY LES MOULINEAUX;ECOLE ELEMENTAIRE PUBLIQUE;SAINT-GERMAIN;0922148K
ISSY LES MOULINEAUX;ECOLE ELEMENTAIRE PUBLIQUE;VOLTAIRE;0920293U
ISSY LES MOULINEAUX;ECOLE MATERNELLE PUBLIQUE;ANATOLE FRANCE;0920506A
ISSY LES MOULINEAUX;ECOLE MATERNELLE PUBLIQUE;CLAUDE BOUJON;0921797D
ISSY LES MOULINEAUX;ECOLE MATERNELLE PUBLIQUE;ERNEST RENAN;0920581G
ISSY LES MOULINEAUX;ECOLE MATERNELLE PUBLIQUE;JULES FERRY;0920516L
ISSY LES MOULINEAUX;ECOLE MATERNELLE PUBLIQUE;JUSTIN OUDIN;0920495N
ISSY LES MOULINEAUX;ECOLE MATERNELLE PUBLIQUE;LA FONTAINE;0920445J
ISSY LES MOULINEAUX;ECOLE MATERNELLE PUBLIQUE;LES EPINETTES;0921833T
ISSY LES MOULINEAUX;ECOLE MATERNELLE PUBLIQUE;LES PONCEAUX;0921923R
ISSY LES MOULINEAUX;ECOLE MATERNELLE PUBLIQUE;LES VARENNES;0922125K
ISSY LES MOULINEAUX;ECOLE MATERNELLE PUBLIQUE;MARIE MARVINGT;0921264Z
ISSY LES MOULINEAUX;ECOLE MATERNELLE PUBLIQUE;PAUL BERT;0920541N
ISSY LES MOULINEAUX;ECOLE PRIMAIRE PUBLIQUE;LE COLOMBIER;0922448L
ISSY LES MOULINEAUX;ECOLE PRIMAIRE PUBLIQUE;LES AJONCS;0922136X
ISSY LES MOULINEAUX;ECOLE PRIMAIRE PUBLIQUE;LES CHARTREUX;0922635P
ISSY LES MOULINEAUX;ECOLE PRIMAIRE PUBLIQUE;ROBERT DOISNEAU;0922381N
ISSY-LES-MOULINEAUX;COLLEGE;la Paix;0922247T
ISSY-LES-MOULINEAUX;COLLEGE;Henri Matisse;0920877D
ISSY-LES-MOULINEAUX;COLLEGE;Victor Hugo;0921396T
ISSY-LES-MOULINEAUX;COLLEGE;Georges Mandel;0922610M
LA GARENNE COLOMBES;ECOLE ELEMENTAIRE PUBLIQUE;ANDRE MARSAULT;0920286L
LA GARENNE COLOMBES;ECOLE ELEMENTAIRE PUBLIQUE;ERNEST RENAN;0921249H
LA GARENNE COLOMBES;ECOLE ELEMENTAIRE PUBLIQUE;JEAN JERPHANION;0922655L
LA GARENNE COLOMBES;ECOLE ELEMENTAIRE PUBLIQUE;RENE GUEST;0921531P
LA GARENNE COLOMBES;ECOLE ELEMENTAIRE PUBLIQUE;SAGOT VOLTAIRE;0920411X
LA GARENNE COLOMBES;ECOLE MATERNELLE PUBLIQUE;ANDRE MARSAULT;0921452D
LA GARENNE COLOMBES;ECOLE MATERNELLE PUBLIQUE;ERNEST RENAN;0920491J
LA GARENNE COLOMBES;ECOLE MATERNELLE PUBLIQUE;RENE GUEST;0920469K
LA GARENNE COLOMBES;ECOLE MATERNELLE PUBLIQUE;VOLTAIRE;0920448M
LA GARENNE-COLOMBES;COLLEGE;Champs Philippe;0922645A
LA GARENNE-COLOMBES;COLLEGE;les Vallées;0921162N
LE PLESSIS ROBINSON;COLLEGE;Claude-Nicolas Ledoux;0920883K
LE PLESSIS ROBINSON;COLLEGE;Romain Rolland;0920624D
LE PLESSIS ROBINSON;ECOLE ELEMENTAIRE PUBLIQUE;ANATOLE FRANCE;0920253A
LE PLESSIS ROBINSON;ECOLE ELEMENTAIRE PUBLIQUE;FRANCOIS PEATRIK;0920647D
LE PLESSIS ROBINSON;ECOLE ELEMENTAIRE PUBLIQUE;HENRI WALLON;0920610N
LE PLESSIS ROBINSON;ECOLE ELEMENTAIRE PUBLIQUE;JOLIOT-CURIE;0921608Y
LE PLESSIS ROBINSON;ECOLE ELEMENTAIRE PUBLIQUE;LOUIS HACHETTE;0920613S
LE PLESSIS ROBINSON;ECOLE MATERNELLE PUBLIQUE;FRANCOIS PEATRIK;0920593V
LE PLESSIS ROBINSON;ECOLE MATERNELLE PUBLIQUE;HENRI WALLON;0920617W
LE PLESSIS ROBINSON;ECOLE MATERNELLE PUBLIQUE;JOLIOT-CURIE;0921639G
LE PLESSIS ROBINSON;ECOLE MATERNELLE PUBLIQUE;LA FERME;0920528Z
LE PLESSIS ROBINSON;ECOLE MATERNELLE PUBLIQUE;LOUIS HACHETTE;0920529A
LE PLESSIS ROBINSON;ECOLE PRIMAIRE PUBLIQUE;JEAN JAURES;0921882W
LE PLESSIS ROBINSON;ECOLE PRIMAIRE PUBLIQUE;LOUIS PERGAUD;0920615U
LEVALLOIS PERRET;ECOLE ELEMENTAIRE PUBLIQUE;ALFRED DE MUSSET;0922360R
LEVALLOIS PERRET;ECOLE ELEMENTAIRE PUBLIQUE;ANATOLE FRANCE;0921805M
LEVALLOIS PERRET;ECOLE ELEMENTAIRE PUBLIQUE;FRANCOISE DOLTO;0922458X
LEVALLOIS PERRET;ECOLE ELEMENTAIRE PUBLIQUE;GEORGE SAND;0922447K
LEVALLOIS PERRET;ECOLE ELEMENTAIRE PUBLIQUE;JEAN DE LA FONTAINE;0922359P
LEVALLOIS PERRET;ECOLE ELEMENTAIRE PUBLIQUE;JULES FERRY;0921687J
LEVALLOIS PERRET;ECOLE ELEMENTAIRE PUBLIQUE;MAURICE RAVEL;0921704C
LEVALLOIS PERRET;ECOLE ELEMENTAIRE PUBLIQUE;PAUL BERT/SAINT EXUPERY;0921526J
LEVALLOIS PERRET;ECOLE MATERNELLE PUBLIQUE;ALFRED DE MUSSET;0922403M
LEVALLOIS PERRET;ECOLE MATERNELLE PUBLIQUE;ANATOLE FRANCE;0920460A
LEVALLOIS PERRET;ECOLE MATERNELLE PUBLIQUE;CHARLES PERRAULT;0922286K
LEVALLOIS PERRET;ECOLE MATERNELLE PUBLIQUE;JEAN JAURES;0920556E
LEVALLOIS PERRET;ECOLE MATERNELLE PUBLIQUE;JULES FERRY;0920515K
LEVALLOIS PERRET;ECOLE MATERNELLE PUBLIQUE;LOUIS PASTEUR;0922461A
LEVALLOIS PERRET;ECOLE MATERNELLE PUBLIQUE;MAURICE RAVEL;0922459Y
LEVALLOIS PERRET;ECOLE MATERNELLE PUBLIQUE;SAINT-EXUPERY;0922192H
LEVALLOIS PERRET;ECOLE PRIMAIRE PUBLIQUE;BUFFON;0922686V
LEVALLOIS-PERRET;COLLEGE;Jean Jaurès;0921391M
LEVALLOIS-PERRET;COLLEGE;Danton;0921393P
LEVALLOIS-PERRET;COLLEGE;Louis Blériot;0922630J
MALAKOFF;COLLEGE;Henri Wallon;0921165S
MALAKOFF;COLLEGE;Paul Bert;0921241Z
MALAKOFF;ECOLE ELEMENTAIRE PUBLIQUE;FERNAND LEGER;0921468W
MALAKOFF;ECOLE ELEMENTAIRE PUBLIQUE;GEORGES COGNIOT;0921878S
MALAKOFF;ECOLE ELEMENTAIRE PUBLIQUE;GUY MOQUET;0922026C
MALAKOFF;ECOLE ELEMENTAIRE PUBLIQUE;HENRI BARBUSSE;0921577P
MALAKOFF;ECOLE ELEMENTAIRE PUBLIQUE;JEAN JAURES;0922030G
MALAKOFF;ECOLE ELEMENTAIRE PUBLIQUE;PAUL BERT;0921251K
MALAKOFF;ECOLE ELEMENTAIRE PUBLIQUE;PAUL LANGEVIN;0921576N
MALAKOFF;ECOLE MATERNELLE PUBLIQUE;FERNAND LEGER;0922601C
MALAKOFF;ECOLE MATERNELLE PUBLIQUE;GEORGES COGNIOT;0921880U
MALAKOFF;ECOLE MATERNELLE PUBLIQUE;GUY MOQUET;0920549X
MALAKOFF;ECOLE MATERNELLE PUBLIQUE;HENRI BARBUSSE;0920525W
MALAKOFF;ECOLE MATERNELLE PUBLIQUE;JEAN JAURES;0920462C
MALAKOFF;ECOLE MATERNELLE PUBLIQUE;PAUL BERT;0920466G
MALAKOFF;ECOLE MATERNELLE PUBLIQUE;PAUL LANGEVIN;0920451R
MALAKOFF;ECOLE MATERNELLE PUBLIQUE;PAUL VAILLANT-COUTURIER;0920856F
MARNES LA COQUETTE;ECOLE ELEMENTAIRE PUBLIQUE;LA MARCHE;0920758Z
MARNES LA COQUETTE;ECOLE PRIMAIRE PUBLIQUE;MAURICE CHEVALIER;0920735Z
MEUDON;COLLEGE;Bel Air;0921554P
MEUDON;COLLEGE;Rabelais;0921782M
MEUDON;ECOLE ELEMENTAIRE PUBLIQUE;FERDINAND BUISSON;0920736A
MEUDON;ECOLE ELEMENTAIRE PUBLIQUE;JULES FERRY;0920737B
MEUDON;ECOLE ELEMENTAIRE PUBLIQUE;MARITAIN-RENAN;0922025B
MEUDON;ECOLE ELEMENTAIRE PUBLIQUE;PAUL BERT;0920740E
MEUDON;ECOLE MATERNELLE PUBLIQUE;CENTRE;0920772P
MEUDON;ECOLE MATERNELLE PUBLIQUE;CHARLES DESVERGNES;0921562Y
MEUDON;ECOLE MATERNELLE PUBLIQUE;JEAN DE LA FONTAINE;0920777V
MEUDON;ECOLE MATERNELLE PUBLIQUE;LES JARDIES;0920778W
MEUDON;ECOLE MATERNELLE PUBLIQUE;LES SABLONS;0921519B
MEUDON;ECOLE MATERNELLE PUBLIQUE;MARBEAU;0920776U
MEUDON;ECOLE MATERNELLE PUBLIQUE;PAUL BERT;0920774S
MEUDON;ECOLE PRIMAIRE PUBLIQUE;PIERRE BROSSOLETTE;0921578R
MEUDON;ECOLE PRIMAIRE PUBLIQUE;VAL;0920738C
MEUDON LA FORET;ECOLE ELEMENTAIRE PUBLIQUE;AUGUSTE RODIN;0920764F
MEUDON LA FORET;ECOLE ELEMENTAIRE PUBLIQUE;CAMUS-PASTEUR;0922153R
MEUDON LA FORET;ECOLE ELEMENTAIRE PUBLIQUE;MONNET-DEBUSSY;0920821T
MEUDON LA FORET;ECOLE MATERNELLE PUBLIQUE;MICHEL VIGNAUD;0920781Z
MEUDON LA FORET;ECOLE MATERNELLE PUBLIQUE;RAVEL-PREVERT;0921945P
MEUDON LA FORET;ECOLE MATERNELLE PUBLIQUE;CURIE - SAINT-EXUPERY;0920779X
MEUDON-LA-FORÊT;COLLEGE;Meudon-la-Forêt;0922701L
MONTROUGE;COLLEGE;Haut Mesnil;0921190U
MONTROUGE;COLLEGE;Maurice Genevoix;0921504K
MONTROUGE;COLLEGE;Robert Doisneau;0920855E
MONTROUGE;ECOLE ELEMENTAIRE PUBLIQUE;ARISTIDE BRIAND;0921458K
MONTROUGE;ECOLE ELEMENTAIRE PUBLIQUE;BUFFALO;0922254A
MONTROUGE;ECOLE ELEMENTAIRE PUBLIQUE;NICOLAS BOILEAU;0921579S
MONTROUGE;ECOLE ELEMENTAIRE PUBLIQUE;RABELAIS;0920400K
MONTROUGE;ECOLE ELEMENTAIRE PUBLIQUE;RAYMOND QUENEAU;0920192J
MONTROUGE;ECOLE ELEMENTAIRE PUBLIQUE;RENAUDEL A;0921268D
MONTROUGE;ECOLE ELEMENTAIRE PUBLIQUE;RENAUDEL B;0921267C
MONTROUGE;ECOLE MATERNELLE PUBLIQUE;AMAURY DUVAL;0922577B
MONTROUGE;ECOLE MATERNELLE PUBLIQUE;ARISTIDE BRIAND;0920453T
MONTROUGE;ECOLE MATERNELLE PUBLIQUE;BOILEAU;0920465F
MONTROUGE;ECOLE MATERNELLE PUBLIQUE;BUFFALO;0920623C
MONTROUGE;ECOLE MATERNELLE PUBLIQUE;FRANCOIS RABELAIS;0920559H
MONTROUGE;ECOLE MATERNELLE PUBLIQUE;HAUT MESNIL;0922463C
MONTROUGE;ECOLE MATERNELLE PUBLIQUE;MARCELIN BERTHELOT;0921798E
MONTROUGE;ECOLE MATERNELLE PUBLIQUE;MAURICE ARNOUX;0922576A
NANTERRE;COLLEGE;Jean Perrin;0920077J
NANTERRE;COLLEGE;André Doucet;0921394R
NANTERRE;COLLEGE;Evariste Galois;0921589C
NANTERRE;COLLEGE;République;0920594W
NANTERRE;COLLEGE;Paul Eluard;0921940J
NANTERRE;COLLEGE;Victor Hugo;0920882J
NANTERRE;COLLEGE;les Chènevreux;0921353W
NANTERRE;ECOLE ELEMENTAIRE PUBLIQUE;CENTRE;0921652W
NANTERRE;ECOLE ELEMENTAIRE PUBLIQUE;HENRI WALLON;0922087U
NANTERRE;ECOLE ELEMENTAIRE PUBLIQUE;HONORE DE BALZAC;0921686H
NANTERRE;ECOLE ELEMENTAIRE PUBLIQUE;JACQUES DECOUR A;0922228X
NANTERRE;ECOLE ELEMENTAIRE PUBLIQUE;JACQUES DECOUR B;0922560H
NANTERRE;ECOLE ELEMENTAIRE PUBLIQUE;JOINVILLE;0921525H
NANTERRE;ECOLE ELEMENTAIRE PUBLIQUE;JOLIOT-CURIE;0921804L
NANTERRE;ECOLE ELEMENTAIRE PUBLIQUE;JULES FERRY A;0921803K
NANTERRE;ECOLE ELEMENTAIRE PUBLIQUE;JULES FERRY B;0922426M
NANTERRE;ECOLE ELEMENTAIRE PUBLIQUE;LA FONTAINE;0922051E
NANTERRE;ECOLE ELEMENTAIRE PUBLIQUE;LES PAQUERETTES;0922138Z
NANTERRE;ECOLE ELEMENTAIRE PUBLIQUE;MAXIME GORKI;0921708G
NANTERRE;ECOLE ELEMENTAIRE PUBLIQUE;PABLO PICASSO;0922602D
NANTERRE;ECOLE ELEMENTAIRE PUBLIQUE;PAUL LANGEVIN;0921685G
NANTERRE;ECOLE ELEMENTAIRE PUBLIQUE;ROBESPIERRE;0922024A
NANTERRE;ECOLE ELEMENTAIRE PUBLIQUE;ROMAIN ROLLAND;0921252L
NANTERRE;ECOLE ELEMENTAIRE PUBLIQUE;VOLTAIRE;0922107R
NANTERRE;ECOLE MATERNELLE PUBLIQUE;BALZAC;0920507B
NANTERRE;ECOLE MATERNELLE PUBLIQUE;DANIELLE CASANOVA;0920579E
NANTERRE;ECOLE MATERNELLE PUBLIQUE;EUGENIE COTTON;0920570V
NANTERRE;ECOLE MATERNELLE PUBLIQUE;FRANCE BLOCH;0921564A
NANTERRE;ECOLE MATERNELLE PUBLIQUE;HENRI WALLON;0921358B
NANTERRE;ECOLE MATERNELLE PUBLIQUE;JACQUES DECOUR;0920847W
NANTERRE;ECOLE MATERNELLE PUBLIQUE;JACQUES PREVERT;0922048B
NANTERRE;ECOLE MATERNELLE PUBLIQUE;JOINVILLE;0921521D
NANTERRE;ECOLE MATERNELLE PUBLIQUE;JOLIOT-CURIE;0920948F
NANTERRE;ECOLE MATERNELLE PUBLIQUE;JULES FERRY;0920467H
NANTERRE;ECOLE MATERNELLE PUBLIQUE;LA FONTAINE;0920679N
NANTERRE;ECOLE MATERNELLE PUBLIQUE;LE MOULIN DES GIBETS;0922618W
NANTERRE;ECOLE MATERNELLE PUBLIQUE;LES PAQUERETTES;0920538K
NANTERRE;ECOLE MATERNELLE PUBLIQUE;MAXIME GORKI;0921799F
NANTERRE;ECOLE MATERNELLE PUBLIQUE;PABLO PICASSO;0922151N
NANTERRE;ECOLE MATERNELLE PUBLIQUE;PAUL LANGEVIN;0920520R
NANTERRE;ECOLE MATERNELLE PUBLIQUE;ROBESPIERRE;0921465T
NANTERRE;ECOLE MATERNELLE PUBLIQUE;ROMAIN ROLLAND;0920566R
NANTERRE;ECOLE MATERNELLE PUBLIQUE;SOUFFLOT;0920574Z
NANTERRE;ECOLE MATERNELLE PUBLIQUE;VICTOR HUGO;0920586M
NANTERRE;ECOLE PRIMAIRE PUBLIQUE;ANATOLE FRANCE;0921844E
NANTERRE;ECOLE PRIMAIRE PUBLIQUE;ELSA TRIOLET;0922047A
NANTERRE;ECOLE PRIMAIRE PUBLIQUE;PABLO NERUDA;0921815Y
NANTERRE;ECOLE PRIMAIRE PUBLIQUE;PROVINCES FRANCAISES;0922229Y
NEUILLY;COLLEGE;André Maurois;0921498D
NEUILLY;COLLEGE;Louis Pasteur;0921780K
NEUILLY;COLLEGE;Théophile Gautier;0921781L
NEUILLY SUR SEINE;ECOLE ELEMENTAIRE PUBLIQUE;CHARCOT A;0920214H
NEUILLY SUR SEINE;ECOLE ELEMENTAIRE PUBLIQUE;CHARCOT B;0920338T
NEUILLY SUR SEINE;ECOLE ELEMENTAIRE PUBLIQUE;HUISSIERS;0920228Y
NEUILLY SUR SEINE;ECOLE ELEMENTAIRE PUBLIQUE;MADELEINE MICHELIS A;0920599B
NEUILLY SUR SEINE;ECOLE ELEMENTAIRE PUBLIQUE;MADELEINE MICHELIS B;0920606J
NEUILLY SUR SEINE;ECOLE ELEMENTAIRE PUBLIQUE;SAUSSAYE A;0920287M
NEUILLY SUR SEINE;ECOLE MATERNELLE PUBLIQUE;CHARCOT;0920490H
NEUILLY SUR SEINE;ECOLE MATERNELLE PUBLIQUE;DULUD;0921522E
NEUILLY SUR SEINE;ECOLE MATERNELLE PUBLIQUE;MADELEINE MICHELIS;0920527Y
NEUILLY SUR SEINE;ECOLE MATERNELLE PUBLIQUE;ROULE;0921702A
NEUILLY SUR SEINE;ECOLE PRIMAIRE PUBLIQUE;ACHILLE PERETTI;0922282F
NEUILLY SUR SEINE;ECOLE PRIMAIRE PUBLIQUE;GORCE FRANKLIN;0922119D
NEUILLY SUR SEINE;ECOLE PRIMAIRE PUBLIQUE;POISSONNIERS;0920396F
NEUILLY SUR SEINE;ECOLE PRIMAIRE PUBLIQUE;SAUSSAYE B;0920412Y
PUTEAUX;COLLEGE;Maréchal Leclerc;0921233R
PUTEAUX;COLLEGE;les Bouvets;0921219A
PUTEAUX;ECOLE ELEMENTAIRE PUBLIQUE;BENOIT MALON;0920203W
PUTEAUX;ECOLE ELEMENTAIRE PUBLIQUE;E PETITOT;0921801H
PUTEAUX;ECOLE ELEMENTAIRE PUBLIQUE;JEAN JAURES;0920334N
PUTEAUX;ECOLE ELEMENTAIRE PUBLIQUE;MARIUS JACOTOT;0921802J
PUTEAUX;ECOLE ELEMENTAIRE PUBLIQUE;REPUBLIQUE;0921684F
PUTEAUX;ECOLE MATERNELLE PUBLIQUE;ANCIEN COUVENT;0922085S
PUTEAUX;ECOLE MATERNELLE PUBLIQUE;BENOIT MALON;0920474R
PUTEAUX;ECOLE MATERNELLE PUBLIQUE;DEFENSE 2000;0921640H
PUTEAUX;ECOLE MATERNELLE PUBLIQUE;FELIX PYAT;0920488F
PUTEAUX;ECOLE MATERNELLE PUBLIQUE;LES DEUX COUPOLES;0922019V
PUTEAUX;ECOLE MATERNELLE PUBLIQUE;MARIUS JACOTOT;0920480X
PUTEAUX;ECOLE MATERNELLE PUBLIQUE;PARMENTIER;0922049C
PUTEAUX;ECOLE MATERNELLE PUBLIQUE;REPUBLIQUE;0920564N
PUTEAUX;ECOLE PRIMAIRE PUBLIQUE;LA ROTONDE;0922098F
PUTEAUX;ECOLE PRIMAIRE PUBLIQUE;PYRAMIDE;0922250W
RUEIL MALMAISON;ECOLE ELEMENTAIRE PUBLIQUE;GEORGE SAND;0921645N
RUEIL MALMAISON;ECOLE ELEMENTAIRE PUBLIQUE;JULES FERRY;0920712Z
RUEIL MALMAISON;ECOLE ELEMENTAIRE PUBLIQUE;LES BONS RAISINS;0921254N
RUEIL MALMAISON;ECOLE ELEMENTAIRE PUBLIQUE;LES BUISSONNETS;0922023Z
RUEIL MALMAISON;ECOLE ELEMENTAIRE PUBLIQUE;LES TRIANONS;0920705S
RUEIL MALMAISON;ECOLE ELEMENTAIRE PUBLIQUE;LOUIS PASTEUR;0922152P
RUEIL MALMAISON;ECOLE ELEMENTAIRE PUBLIQUE;ROBESPIERRE A;0920715C
RUEIL MALMAISON;ECOLE ELEMENTAIRE PUBLIQUE;ROBESPIERRE B;0920716D
RUEIL MALMAISON;ECOLE ELEMENTAIRE PUBLIQUE;TUCK STELL A;0920710X
RUEIL MALMAISON;ECOLE ELEMENTAIRE PUBLIQUE;TUCK STELL B;0920711Y
RUEIL MALMAISON;ECOLE MATERNELLE PUBLIQUE;CHARLES PERRAULT;0920793M
RUEIL MALMAISON;ECOLE MATERNELLE PUBLIQUE;GEORGE SAND;0921617H
RUEIL MALMAISON;ECOLE MATERNELLE PUBLIQUE;JEAN DE LA FONTAINE;0920794N
RUEIL MALMAISON;ECOLE MATERNELLE PUBLIQUE;JEAN JAURES;0920788G
RUEIL MALMAISON;ECOLE MATERNELLE PUBLIQUE;LES BONS RAISINS;0920789H
RUEIL MALMAISON;ECOLE MATERNELLE PUBLIQUE;LES BUISSONNETS;0920819R
RUEIL MALMAISON;ECOLE MATERNELLE PUBLIQUE;LES MARTINETS;0920792L
RUEIL MALMAISON;ECOLE MATERNELLE PUBLIQUE;LOUIS PASTEUR;0920796R
RUEIL MALMAISON;ECOLE MATERNELLE PUBLIQUE;ROBESPIERRE;0920791K
RUEIL MALMAISON;ECOLE MATERNELLE PUBLIQUE;TUCK STELL;0920790J
RUEIL MALMAISON;ECOLE PRIMAIRE PUBLIQUE;ALBERT CAMUS;0922478U
RUEIL MALMAISON;ECOLE PRIMAIRE PUBLIQUE;ALPHONSE DAUDET;0921271G
RUEIL MALMAISON;ECOLE PRIMAIRE PUBLIQUE;CLAUDE MONET;0922278B
RUEIL MALMAISON;ECOLE PRIMAIRE PUBLIQUE;JEAN MOULIN;0922446J
RUEIL MALMAISON;ECOLE PRIMAIRE PUBLIQUE;LA MALMAISON;0922349D
RUEIL-MALMAISON;COLLEGE;Henri Dunant;0920852B
RUEIL-MALMAISON;COLLEGE;Jules Verne;0921590D
RUEIL-MALMAISON;COLLEGE;la Malmaison;0921502H
RUEIL-MALMAISON;COLLEGE;les Bons Raisins;0921234S
RUEIL-MALMAISON;COLLEGE;les Martinets;0921235T
RUEIL-MALMAISON;COLLEGE;Marcel Pagnol;0921501G
SAINT-CLOUD;COLLEGE;Emile Verhaeren;0921591E
SAINT-CLOUD;COLLEGE;Gounod;0920700L
SCEAUX;COLLEGE;Lakanal;0921784P
SCEAUX;COLLEGE;Marie Curie;0921785R
SCEAUX;ECOLE ELEMENTAIRE PUBLIQUE;CENTRE;0921455G
SCEAUX;ECOLE ELEMENTAIRE PUBLIQUE;CLOS SAINT-MARCEL;0921221C
SCEAUX;ECOLE ELEMENTAIRE PUBLIQUE;LES BLAGIS;0921454F
SCEAUX;ECOLE MATERNELLE PUBLIQUE;CENTRE;0920530B
SCEAUX;ECOLE MATERNELLE PUBLIQUE;CLOS SAINT-MARCEL;0920618X
SCEAUX;ECOLE MATERNELLE PUBLIQUE;LES BLAGIS;0920459Z
SCEAUX;ECOLE PRIMAIRE PUBLIQUE;PETIT CHAMBORD;0920443G
SÈVRES;COLLEGE;college;0921244C
SEVRES;ECOLE ELEMENTAIRE PUBLIQUE;CROIX BOSSET;0921607X
SEVRES;ECOLE ELEMENTAIRE PUBLIQUE;GAMBETTA A;0920721J
SEVRES;ECOLE ELEMENTAIRE PUBLIQUE;GAMBETTA B;0920720H
SEVRES;ECOLE ELEMENTAIRE PUBLIQUE;LES BRUYERES;0920724M
SEVRES;ECOLE MATERNELLE PUBLIQUE;BRIMBORION;0922402L
SEVRES;ECOLE MATERNELLE PUBLIQUE;CROIX BOSSET;0920767J
SEVRES;ECOLE MATERNELLE PUBLIQUE;GAMBETTA;0920766H
SEVRES;ECOLE MATERNELLE PUBLIQUE;LES BRUYERES;0920825X
SEVRES;ECOLE MATERNELLE PUBLIQUE;PARC CHEVIRON;0922135W
SEVRES;ECOLE PRIMAIRE PUBLIQUE;EUGENIE COTTON;0921569F
ST CLOUD;ECOLE ELEMENTAIRE PUBLIQUE;CENTRE;0921456H
ST CLOUD;ECOLE ELEMENTAIRE PUBLIQUE;LES COTEAUX;0920747M
ST CLOUD;ECOLE ELEMENTAIRE PUBLIQUE;MONTRETOUT;0921250J
ST CLOUD;ECOLE ELEMENTAIRE PUBLIQUE;VAL D'OR;0921536V
ST CLOUD;ECOLE MATERNELLE PUBLIQUE;CENTRE;0920782A
ST CLOUD;ECOLE MATERNELLE PUBLIQUE;LES COTEAUX;0921153D
ST CLOUD;ECOLE MATERNELLE PUBLIQUE;LOUIS PASTEUR;0922479V
ST CLOUD;ECOLE MATERNELLE PUBLIQUE;MONTRETOUT;0920783B
ST CLOUD;ECOLE MATERNELLE PUBLIQUE;VAL D'OR;0920784C
ST CLOUD;ECOLE PRIMAIRE PUBLIQUE;FOUILLEUSE;0921839Z
SURESNES;COLLEGE;Emile Zola;0921178F
SURESNES;COLLEGE;Henri Sellier;0920885M
SURESNES;COLLEGE;Jean Macé;0920884L
SURESNES;ECOLE ELEMENTAIRE PUBLIQUE;BERTIE ALBRECHT;0920953L
SURESNES;ECOLE ELEMENTAIRE PUBLIQUE;JULES FERRY;0920437A
SURESNES;ECOLE ELEMENTAIRE PUBLIQUE;LE PARC;0922281E
SURESNES;ECOLE ELEMENTAIRE PUBLIQUE;LES COTTAGES;0921653X
SURESNES;ECOLE ELEMENTAIRE PUBLIQUE;LES RAGUIDELLES;0921654Y
SURESNES;ECOLE ELEMENTAIRE PUBLIQUE;VAILLANT-JAURES;0920332L
SURESNES;ECOLE MATERNELLE PUBLIQUE;CITE DE L'ENFANCE;0920584K
SURESNES;ECOLE MATERNELLE PUBLIQUE;EDOUARD VAILLANT;0920482Z
SURESNES;ECOLE MATERNELLE PUBLIQUE;HENRI DUNANT;0922124J
SURESNES;ECOLE MATERNELLE PUBLIQUE;LES COTTAGES;0920532D
SURESNES;ECOLE MATERNELLE PUBLIQUE;LES RAGUIDELLES;0920519P
SURESNES;ECOLE MATERNELLE PUBLIQUE;REPUBLIQUE;0922477T
SURESNES;ECOLE MATERNELLE PUBLIQUE;SAINT-EXUPERY;0922460Z
SURESNES;ECOLE MATERNELLE PUBLIQUE;WILSON;0920555D
SURESNES;ECOLE PRIMAIRE PUBLIQUE;ESTIENNE D'ORVES;0922685U
SURESNES;ECOLE PRIMAIRE PUBLIQUE;MARCEL MOULOUDJI;0922568S
SURESNES;ECOLE PRIMAIRE PUBLIQUE;ROBERT PONTILLON;0921644M
VANVES;COLLEGE;A. de Saint-Exupéry;0921240Y
VANVES;COLLEGE;Michelet;0921783N
VANVES;ECOLE ELEMENTAIRE PUBLIQUE;GAMBETTA;0920345A
VANVES;ECOLE ELEMENTAIRE PUBLIQUE;JACQUES CABOURG;0920181X
VANVES;ECOLE ELEMENTAIRE PUBLIQUE;LARMEROUX;0920335P
VANVES;ECOLE ELEMENTAIRE PUBLIQUE;LE PARC;0921580T
VANVES;ECOLE ELEMENTAIRE PUBLIQUE;MARCEAU;0921800G
VANVES;ECOLE MATERNELLE PUBLIQUE;CLAUDE LEMEL;0922146H
VANVES;ECOLE MATERNELLE PUBLIQUE;GAMBETTA;0920499T
VANVES;ECOLE MATERNELLE PUBLIQUE;JACQUES CABOURG;0920524V
VANVES;ECOLE MATERNELLE PUBLIQUE;LE PARC;0920487E
VANVES;ECOLE MATERNELLE PUBLIQUE;MARCEAU;0921769Y
VANVES;ECOLE PRIMAIRE PUBLIQUE;MAX FOURESTIER;0922021X
VAUCRESSON;COLLEGE;Yves du Manoir;0922143E
VAUCRESSON;ECOLE ELEMENTAIRE PUBLIQUE;LE COTEAU;0920754V
VAUCRESSON;ECOLE ELEMENTAIRE PUBLIQUE;LES PEUPLIERS;0920755W
VAUCRESSON;ECOLE MATERNELLE PUBLIQUE;LES GRANDES FERMES;0921605V
VAUCRESSON;ECOLE MATERNELLE PUBLIQUE;LES PEUPLIERS;0920787F
VILLE D AVRAY;ECOLE ELEMENTAIRE PUBLIQUE;JEAN ROSTAND;0920757Y
VILLE D AVRAY;ECOLE ELEMENTAIRE PUBLIQUE;LA RONCE;0920756X
VILLE D AVRAY;ECOLE MATERNELLE PUBLIQUE;HALPHEN;0920786E
VILLE D AVRAY;ECOLE MATERNELLE PUBLIQUE;JEAN ROSTAND;0920785D
VILLE D AVRAY;ECOLE MATERNELLE PUBLIQUE;LA RONCE;0921154E
VILLE D'AVRAY;COLLEGE;la Fontaine du Roy;0920886N
VILLENEUVE LA GARENNE;ECOLE ELEMENTAIRE PUBLIQUE;JEAN MOULIN A;0920648E
VILLENEUVE LA GARENNE;ECOLE ELEMENTAIRE PUBLIQUE;JEAN MOULIN B;0920432V
VILLENEUVE LA GARENNE;ECOLE ELEMENTAIRE PUBLIQUE;JULES VERNE A;0920217L
VILLENEUVE LA GARENNE;ECOLE ELEMENTAIRE PUBLIQUE;JULES VERNE B;0920340V
VILLENEUVE LA GARENNE;ECOLE ELEMENTAIRE PUBLIQUE;PIERRE DE COUBERTIN A;0921145V
VILLENEUVE LA GARENNE;ECOLE ELEMENTAIRE PUBLIQUE;PIERRE DE COUBERTIN B;0921272H
VILLENEUVE LA GARENNE;ECOLE MATERNELLE PUBLIQUE;CHARLES PERRAULT;0920498S
VILLENEUVE LA GARENNE;ECOLE MATERNELLE PUBLIQUE;JEAN DE LA FONTAINE;0922554B
VILLENEUVE LA GARENNE;ECOLE MATERNELLE PUBLIQUE;JEAN JAURES;0920650G
VILLENEUVE LA GARENNE;ECOLE MATERNELLE PUBLIQUE;JEAN MOULIN;0920630K
VILLENEUVE LA GARENNE;ECOLE MATERNELLE PUBLIQUE;JULES VERNE;0920494M
VILLENEUVE LA GARENNE;ECOLE MATERNELLE PUBLIQUE;PIERRE DE COUBERTIN;0920954M
VILLENEUVE LA GARENNE;ECOLE MATERNELLE PUBLIQUE;SONIA DELAUNAY;0921994T
VILLENEUVE-LA-GARENNE;COLLEGE;Edouard Manet;0921159K
VILLENEUVE-LA-GARENNE;COLLEGE;Georges Pompidou;0921543C
